asteroid_id,ore_units,crystal_units,gas_units
AST-001,42,18,27
AST-002,15,33,21
AST-003,58,12,36
AST-004,27,24,19
AST-005,63,9,31
AST-006,34,28,14
AST-007,49,16,25
AST-008,21,37,18
AST-009,55,22,29
AST-010,18,41,16
AST-011,46,15,33
AST-012,31,26,20
AST-013,67,11,24
AST-014,23,35,17
AST-015,52,19,28
AST-016,39,23,15
AST-017,61,14,30
AST-018,26,32,22
AST-019,44,21,34
AST-020,17,39,13
AST-021,57,17,26
AST-022,29,30,19
AST-023,64,10,35
AST-024,36,25,16
AST-025,48,20,23
AST-026,22,34,27
AST-027,59,13,32
AST-028,33,29,18
AST-029,53,18,21
AST-030,25,36,24